{"cameraMode":{"drawMode":0,"name":"Shaded","section":"Shading Mode"},"sceneLighting":true,"audioPlay":false,"sceneViewState":{"m_AlwaysRefresh":false,"showFog":true,"showSkybox":true,"showFlares":true,"showImageEffects":true,"showParticleSystems":true,"showVisualEffectGraphs":true,"m_FxEnabled":true},"in2DMode":false,"pivot":{"x":-2.7742679119110109,"y":-3.827695846557617,"z":16.725109100341798},"rotation":{"x":0.2581610381603241,"y":-0.10841742902994156,"z":0.029158832505345346,"w":0.9595919847488403},"size":16.855998992919923,"orthographic":false}